{"cameraMode":{"drawMode":0,"name":"Shaded","section":"Shading Mode"},"sceneLighting":true,"audioPlay":false,"sceneViewState":{"m_AlwaysRefresh":false,"showFog":true,"showSkybox":true,"showFlares":true,"showImageEffects":true,"showParticleSystems":true,"showVisualEffectGraphs":true,"m_FxEnabled":true},"in2DMode":false,"pivot":{"x":27.213214874267579,"y":30.578760147094728,"z":-18.607179641723634},"rotation":{"x":0.3543207049369812,"y":-0.5533390045166016,"z":0.28156599402427676,"w":0.6996933221817017},"size":8.633363723754883,"orthographic":false}